{"cameraMode":{"drawMode":0,"name":"Shaded","section":"Shading Mode"},"sceneLighting":true,"audioPlay":false,"sceneViewState":{"showFog":true,"showMaterialUpdate":false,"showSkybox":true,"showFlares":true,"showImageEffects":true,"showParticleSystems":true},"in2DMode":false,"pivot":{"x":32.43870544433594,"y":-63.79959487915039,"z":291.0429382324219},"rotation":{"x":0.1384297013282776,"y":-0.0178251750767231,"z":0.0024921083822846414,"w":0.9902117252349854},"size":361.74456787109377,"orthographic":false}