{"cameraMode":{"drawMode":0,"name":"Shaded","section":"Shading Mode"},"sceneLighting":false,"audioPlay":false,"sceneViewState":{"showFog":true,"showMaterialUpdate":false,"showSkybox":false,"showFlares":true,"showImageEffects":true,"showParticleSystems":true},"in2DMode":false,"pivot":{"x":0.0053446292877197269,"y":0.2039598822593689,"z":0.2675498425960541},"rotation":{"x":-0.024325571954250337,"y":0.4568745791912079,"z":-0.012416497804224491,"w":-0.8892320394515991},"size":1.036518931388855,"orthographic":false}