{"cameraMode":{"drawMode":0,"name":"Shaded","section":"Shading Mode"},"sceneLighting":false,"audioPlay":false,"sceneViewState":{"showFog":true,"showMaterialUpdate":false,"showSkybox":false,"showFlares":true,"showImageEffects":true,"showParticleSystems":true},"in2DMode":false,"pivot":{"x":-1.0660971403121949,"y":0.40479743480682375,"z":2.341078281402588},"rotation":{"x":-0.01555679738521576,"y":-0.2607048749923706,"z":-0.00450857961550355,"w":0.9654821157455444},"size":3.9304778575897219,"orthographic":false}