{"cameraMode":{"drawMode":0,"name":"Shaded","section":"Shading Mode"},"sceneLighting":true,"audioPlay":false,"sceneViewState":{"showFog":true,"showMaterialUpdate":false,"showSkybox":true,"showFlares":true,"showImageEffects":true,"showParticleSystems":true},"in2DMode":false,"pivot":{"x":7.360814571380615,"y":6.704380989074707,"z":-3.912383794784546},"rotation":{"x":-0.22344696521759034,"y":-0.18952323496341706,"z":0.04441206529736519,"w":-0.9551905989646912},"size":6.99597692489624,"orthographic":false}