{"cameraMode":{"drawMode":0,"name":"Shaded","section":"Shading Mode"},"sceneLighting":true,"audioPlay":false,"sceneViewState":{"showFog":true,"showMaterialUpdate":false,"showSkybox":true,"showFlares":true,"showImageEffects":true,"showParticleSystems":true},"in2DMode":false,"pivot":{"x":0.5505890846252441,"y":-13.768290519714356,"z":14.689303398132325},"rotation":{"x":-0.32151341438293459,"y":-0.0008320881752297282,"z":0.0003108296950813383,"w":-0.9469565749168396},"size":48.59305953979492,"orthographic":false}