{"cameraMode":{"drawMode":0,"name":"Shaded","section":"Shading Mode"},"sceneLighting":false,"audioPlay":false,"sceneViewState":{"showFog":true,"showMaterialUpdate":false,"showSkybox":false,"showFlares":true,"showImageEffects":true,"showParticleSystems":true},"in2DMode":false,"pivot":{"x":0.3440544009208679,"y":0.20427116751670838,"z":-3.9389305114746095},"rotation":{"x":0.0007164101116359234,"y":0.9980939030647278,"z":-0.01229084748774767,"w":0.0617833212018013},"size":5.044847011566162,"orthographic":false}