{"cameraMode":{"drawMode":0,"name":"Shaded","section":"Shading Mode"},"sceneLighting":true,"audioPlay":false,"sceneViewState":{"showFog":true,"showMaterialUpdate":false,"showSkybox":true,"showFlares":true,"showImageEffects":true,"showParticleSystems":true},"in2DMode":false,"pivot":{"x":5.3245673179626469,"y":4.469197750091553,"z":2.1772146224975588},"rotation":{"x":-0.25642767548561098,"y":-0.37524646520614626,"z":0.10893239825963974,"w":-0.8841845393180847},"size":6.99597692489624,"orthographic":false}