{"cameraMode":{"drawMode":0,"name":"Shaded","section":"Shading Mode"},"sceneLighting":true,"audioPlay":false,"sceneViewState":{"showFog":true,"showMaterialUpdate":false,"showSkybox":true,"showFlares":true,"showImageEffects":true,"showParticleSystems":true},"in2DMode":false,"pivot":{"x":1.0121549367904664,"y":-17.259313583374025,"z":2.797168731689453},"rotation":{"x":-0.5285072922706604,"y":0.0005383308161981404,"z":-0.00029358966276049614,"w":-0.8489866256713867},"size":48.59305953979492,"orthographic":false}