{"cameraMode":{"drawMode":0,"name":"Shaded","section":"Shading Mode"},"sceneLighting":true,"audioPlay":false,"sceneViewState":{"showFog":true,"showMaterialUpdate":false,"showSkybox":true,"showFlares":true,"showImageEffects":true,"showParticleSystems":true},"in2DMode":false,"pivot":{"x":15.970162391662598,"y":4.562405586242676,"z":22.028079986572267},"rotation":{"x":-0.05547814816236496,"y":0.93795245885849,"z":-0.1783173829317093,"w":-0.29294538497924807},"size":3.971285104751587,"orthographic":false}